created_utc,num_comments,domain,score,hour,weekday
1528920330,2,self.cscareerquestions,1,15,Wed
1528920404,6,self.cscareerquestions,1,15,Wed
1528920438,0,self.cscareerquestions,1,15,Wed
1528920443,3,self.cscareerquestions,1,15,Wed
1528920494,3,self.cscareerquestions,1,15,Wed
1528921106,2,self.cscareerquestions,1,15,Wed
1528921129,0,self.cscareerquestions,1,15,Wed
1528922168,6,self.cscareerquestions,1,15,Wed
1528922212,3,self.cscareerquestions,1,15,Wed
1528923031,7,self.cscareerquestions,1,15,Wed
1528923989,13,self.cscareerquestions,1,16,Wed
1528924826,0,self.cscareerquestions,1,16,Wed
1528925012,2,self.cscareerquestions,1,16,Wed
1528925992,3,self.cscareerquestions,1,16,Wed
1528926977,5,self.cscareerquestions,1,16,Wed
1528927468,7,self.cscareerquestions,1,17,Wed
1528927566,9,self.cscareerquestions,1,17,Wed
1528927857,5,self.cscareerquestions,1,17,Wed
1528928759,2,self.cscareerquestions,1,17,Wed
1528928859,3,self.cscareerquestions,1,17,Wed
1528928900,3,self.cscareerquestions,1,17,Wed
1528929479,6,self.cscareerquestions,1,17,Wed
1528929754,14,self.cscareerquestions,1,17,Wed
1528930135,9,self.cscareerquestions,1,17,Wed
1528931421,65,self.cscareerquestions,1,18,Wed
1528932381,10,self.cscareerquestions,1,18,Wed
1528932698,2,self.cscareerquestions,1,18,Wed
1528933315,4,self.cscareerquestions,1,18,Wed
1528933321,3,self.cscareerquestions,1,18,Wed
1528934315,2,self.cscareerquestions,1,18,Wed
1528934761,6,self.cscareerquestions,1,19,Wed
1528934969,0,self.cscareerquestions,1,19,Wed
1528934994,0,self.cscareerquestions,1,19,Wed
1528935219,2,self.cscareerquestions,1,19,Wed
1528935223,1,self.cscareerquestions,1,19,Wed
1528935618,6,self.cscareerquestions,1,19,Wed
1528936344,4,self.cscareerquestions,1,19,Wed
1528936414,2,self.cscareerquestions,1,19,Wed
1528937832,3,self.cscareerquestions,1,19,Wed
1528938155,5,self.cscareerquestions,1,20,Wed
1528938624,2,self.cscareerquestions,1,20,Wed
1528939416,3,self.cscareerquestions,1,20,Wed
1528940286,6,self.cscareerquestions,1,20,Wed
1528940492,5,self.cscareerquestions,1,20,Wed
1528940703,3,self.cscareerquestions,1,20,Wed
1528941209,1,self.cscareerquestions,1,20,Wed
1528941454,3,self.cscareerquestions,1,20,Wed
1528941905,15,self.cscareerquestions,1,21,Wed
1528944064,2,self.cscareerquestions,1,21,Wed
1528944374,6,self.cscareerquestions,1,21,Wed
1528944658,6,self.cscareerquestions,1,21,Wed
1528945148,2,self.cscareerquestions,1,21,Wed
1528946140,1,self.cscareerquestions,1,22,Wed
1528946227,1,self.cscareerquestions,1,22,Wed
1528946574,3,self.cscareerquestions,1,22,Wed
1528947151,0,self.cscareerquestions,1,22,Wed
1528947183,4,self.cscareerquestions,1,22,Wed
1528947199,3,self.cscareerquestions,1,22,Wed
1528948212,2,self.cscareerquestions,1,22,Wed
1528948399,2,self.cscareerquestions,1,22,Wed
1528948681,231,self.cscareerquestions,1,22,Wed
1528948891,4,self.cscareerquestions,1,23,Wed
1528949284,0,self.cscareerquestions,1,23,Wed
1528949868,4,self.cscareerquestions,1,23,Wed
1528950707,17,self.cscareerquestions,1,23,Wed
1528951413,2,self.cscareerquestions,1,23,Wed
1528951585,4,self.cscareerquestions,1,23,Wed
1528952353,20,self.cscareerquestions,1,23,Wed
1528953116,1,self.cscareerquestions,1,0,Thu
1528953728,5,self.cscareerquestions,1,0,Thu
1528953977,5,self.cscareerquestions,1,0,Thu
1528957919,2,self.cscareerquestions,1,1,Thu
1528958866,0,self.cscareerquestions,1,1,Thu
1528959583,4,self.cscareerquestions,1,1,Thu
1528960028,60,self.cscareerquestions,1,2,Thu
1528960036,57,self.cscareerquestions,1,2,Thu
1528961230,55,self.cscareerquestions,1,2,Thu
1528962456,2,self.cscareerquestions,1,2,Thu
1528964999,9,self.cscareerquestions,1,3,Thu
1528965311,2,self.cscareerquestions,1,3,Thu
1528969376,0,self.cscareerquestions,1,4,Thu
1528969661,13,self.cscareerquestions,1,4,Thu
1528975598,0,self.cscareerquestions,1,6,Thu
1528975953,1,self.cscareerquestions,1,6,Thu
1528977485,8,self.cscareerquestions,1,6,Thu
1528980691,3,self.cscareerquestions,1,7,Thu
1528981306,11,self.cscareerquestions,1,8,Thu
1528981562,3,self.cscareerquestions,1,8,Thu
1528982464,5,self.cscareerquestions,1,8,Thu
1528983512,43,self.cscareerquestions,1,8,Thu
1528985544,27,self.cscareerquestions,1,9,Thu
1528985657,5,self.cscareerquestions,1,9,Thu
1528986713,44,self.cscareerquestions,1,9,Thu
1528986759,2,self.cscareerquestions,1,9,Thu
1528988917,1,self.cscareerquestions,1,10,Thu
1528990021,8,self.cscareerquestions,1,10,Thu
1528991056,2,self.cscareerquestions,1,10,Thu
1528991622,0,self.cscareerquestions,1,10,Thu
1528991834,0,self.cscareerquestions,1,10,Thu
1528992044,10,self.cscareerquestions,1,11,Thu
1528992726,10,self.cscareerquestions,1,11,Thu
1528993990,4,self.cscareerquestions,1,11,Thu
1528994122,7,self.cscareerquestions,1,11,Thu
1528994223,3,self.cscareerquestions,1,11,Thu
1528994248,0,self.cscareerquestions,1,11,Thu
1528996413,1,self.cscareerquestions,1,12,Thu
1528996518,2,self.cscareerquestions,1,12,Thu
1528996784,2,self.cscareerquestions,1,12,Thu
1528997518,0,self.cscareers,1,12,Thu
1528998813,1,self.cscareerquestions,1,12,Thu
1528998826,1,self.cscareerquestions,1,12,Thu
1528998955,6,self.cscareerquestions,1,12,Thu
1529000515,0,self.cscareerquestions,1,13,Thu
1529000565,1,self.cscareerquestions,1,13,Thu
1529000676,7,self.cscareerquestions,1,13,Thu
1529000880,4,self.cscareerquestions,1,13,Thu
1529001275,12,self.cscareerquestions,1,13,Thu
1529002141,2,self.cscareerquestions,1,13,Thu
1529002217,2,self.cscareerquestions,1,13,Thu
1529003276,3,self.cscareerquestions,1,14,Thu
1529003520,2,self.cscareerquestions,1,14,Thu
1529004000,0,self.cscareerquestions,1,14,Thu
1529004382,1,self.cscareerquestions,1,14,Thu
1529005718,1,self.cscareerquestions,1,14,Thu
1529005798,0,self.cscareerquestions,1,14,Thu
1529005949,0,self.cscareerquestions,1,14,Thu
1529006113,0,self.cscareerquestions,1,14,Thu
1528834213,13,self.cscareerquestions,1,15,Tue
1528834217,2,self.cscareerquestions,1,15,Tue
1528834485,11,self.cscareerquestions,1,15,Tue
1528835043,12,self.cscareerquestions,1,15,Tue
1528835778,7,self.cscareerquestions,1,15,Tue
1528837275,3,self.cscareerquestions,1,16,Tue
1528837409,2,self.cscareerquestions,1,16,Tue
1528837764,5,self.cscareerquestions,1,16,Tue
1528838033,8,self.cscareerquestions,1,16,Tue
1528838300,0,self.cscareerquestions,1,16,Tue
1528838374,2,self.cscareerquestions,1,16,Tue
1528838400,1,self.cscareerquestions,1,16,Tue
1528838542,2,self.cscareerquestions,1,16,Tue
1528839414,1,self.cscareerquestions,1,16,Tue
1528839792,5,self.cscareerquestions,1,16,Tue
1528840131,10,self.cscareerquestions,1,16,Tue
1528841017,307,self.cscareerquestions,1,17,Tue
1528841608,3,self.cscareerquestions,1,17,Tue
1528841902,6,self.cscareerquestions,1,17,Tue
1528842304,6,self.cscareerquestions,1,17,Tue
1528842575,11,self.cscareerquestions,1,17,Tue
1528842583,3,self.cscareerquestions,1,17,Tue
1528843245,1,self.cscareerquestions,1,17,Tue
1528845527,5,self.cscareerquestions,1,18,Tue
1528845618,3,self.cscareerquestions,1,18,Tue
1528845684,6,self.cscareerquestions,1,18,Tue
1528846095,1,self.cscareerquestions,1,18,Tue
1528846174,8,self.cscareerquestions,1,18,Tue
1528846779,2,self.cscareerquestions,1,18,Tue
1528847161,6,self.cscareerquestions,1,18,Tue
1528847263,1,self.cscareerquestions,1,18,Tue
1528847335,9,self.cscareerquestions,1,18,Tue
1528847583,1,self.cscareerquestions,1,18,Tue
1528847629,24,self.cscareerquestions,1,18,Tue
1528848484,8,self.cscareerquestions,1,19,Tue
1528848770,167,self.cscareerquestions,1,19,Tue
1528849343,9,self.cscareerquestions,1,19,Tue
1528849649,2,self.cscareerquestions,1,19,Tue
1528852053,2,self.cscareerquestions,1,20,Tue
1528852334,2,self.cscareerquestions,1,20,Tue
1528852877,0,self.cscareerquestions,1,20,Tue
1528853685,2,self.cscareerquestions,1,20,Tue
1528853847,12,self.cscareerquestions,1,20,Tue
1528854969,11,self.cscareerquestions,1,20,Tue
1528855489,1,self.cscareerquestions,1,21,Tue
1528855612,2,self.cscareerquestions,1,21,Tue
1528857118,2,self.cscareerquestions,1,21,Tue
1528857146,0,self.cscareerquestions,1,21,Tue
1528858603,0,self.cscareerquestions,1,21,Tue
1528858694,1,self.computerscience,1,21,Tue
1528860093,31,self.cscareerquestions,1,22,Tue
1528860855,0,self.cscareerquestions,1,22,Tue
1528860924,4,self.cscareerquestions,1,22,Tue
1528861070,1,self.cscareerquestions,1,22,Tue
1528863837,1,self.cscareerquestions,1,23,Tue
1528863884,11,self.cscareerquestions,1,23,Tue
1528864156,2,self.cscareerquestions,1,23,Tue
1528864192,1,self.cscareerquestions,1,23,Tue
1528864467,0,self.cscareerquestions,1,23,Tue
1528864988,9,self.cscareerquestions,1,23,Tue
1528865625,1,self.cscareerquestions,1,23,Tue
1528865798,4,self.cscareerquestions,1,23,Tue
1528865835,1,self.cscareerquestions,1,23,Tue
1528866660,1,self.cscareerquestions,1,0,Wed
1528867046,4,self.cscareerquestions,1,0,Wed
1528869136,11,self.cscareerquestions,1,0,Wed
1528869771,1,self.cscareerquestions,1,1,Wed
1528869782,2,self.cscareerquestions,1,1,Wed
1528870333,4,self.cscareerquestions,1,1,Wed
1528870976,6,self.cscareerquestions,1,1,Wed
1528872894,8,self.cscareerquestions,1,1,Wed
1528873166,1,self.cscareerquestions,1,1,Wed
1528873653,224,self.cscareerquestions,1,2,Wed
1528873662,128,self.cscareerquestions,1,2,Wed
1528875372,1,self.cscareerquestions,1,2,Wed
1528882193,25,self.cscareerquestions,1,4,Wed
1528883208,8,self.cscareerquestions,1,4,Wed
1528886871,17,self.cscareerquestions,1,5,Wed
1528888077,3,self.cscareerquestions,1,6,Wed
1528889331,4,self.cscareerquestions,1,6,Wed
1528889555,4,self.cscareerquestions,1,6,Wed
1528890805,0,self.cscareerquestions,1,6,Wed
1528891955,134,self.cscareerquestions,1,7,Wed
1528892132,1,self.cscareerquestions,1,7,Wed
1528893899,1,self.cscareerquestions,1,7,Wed
1528894836,4,self.cscareerquestions,1,8,Wed
1528895502,2,self.cscareerquestions,1,8,Wed
1528897185,0,self.cscareerquestions,1,8,Wed
1528897666,2,self.cscareerquestions,1,8,Wed
1528898408,7,self.cscareerquestions,1,9,Wed
1528899501,2,self.cscareerquestions,1,9,Wed
1528900385,3,self.cscareerquestions,1,9,Wed
1528901948,8,self.cscareerquestions,1,9,Wed
1528902222,0,self.cscareerquestions,1,10,Wed
1528902673,3,self.cscareerquestions,1,10,Wed
1528903298,15,self.cscareerquestions,1,10,Wed
1528903874,2,self.cscareerquestions,1,10,Wed
1528904008,11,self.cscareerquestions,1,10,Wed
1528904065,7,self.cscareerquestions,1,10,Wed
1528904856,6,self.cscareerquestions,1,10,Wed
1528904930,21,self.cscareerquestions,1,10,Wed
1528905863,2,self.cscareerquestions,1,11,Wed
1528905894,1,self.cscareerquestions,1,11,Wed
1528905900,18,self.cscareerquestions,1,11,Wed
1528906351,2,self.cscareerquestions,1,11,Wed
1528906901,3,self.cscareerquestions,1,11,Wed
1528907696,101,self.cscareerquestions,1,11,Wed
1528907813,4,self.cscareerquestions,1,11,Wed
1528907863,2,self.cscareerquestions,1,11,Wed
1528907915,4,self.cscareerquestions,1,11,Wed
1528908457,37,self.cscareerquestions,1,11,Wed
1528908648,7,self.cscareerquestions,1,11,Wed
1528908951,2,self.cscareerquestions,1,11,Wed
1528909198,2,self.cscareerquestions,1,11,Wed
1528909215,27,self.cscareerquestions,1,12,Wed
1528909769,0,self.cscareerquestions,1,12,Wed
1528909809,6,self.cscareerquestions,1,12,Wed
1528911246,2,self.cscareerquestions,1,12,Wed
1528911278,7,self.cscareerquestions,1,12,Wed
1528911701,2,self.cscareerquestions,1,12,Wed
1528912081,0,self.cscareerquestions,1,12,Wed
1528912222,1,self.cscareerquestions,1,12,Wed
1528912453,2,self.cscareerquestions,1,12,Wed
1528912649,3,self.cscareerquestions,1,12,Wed
1528913257,4,self.cscareerquestions,1,13,Wed
1528913368,3,self.cscareerquestions,1,13,Wed
1528913405,2,self.cscareerquestions,1,13,Wed
1528914011,11,self.cscareerquestions,1,13,Wed
1528914059,5,self.cscareerquestions,1,13,Wed
1528914293,1,self.cscareerquestions,1,13,Wed
1528914324,2,self.cscareerquestions,1,13,Wed
1528914868,78,self.cscareerquestions,1,13,Wed
1528914992,62,self.cscareerquestions,1,13,Wed
1528915022,37,self.cscareerquestions,1,13,Wed
1528915354,4,self.cscareerquestions,1,13,Wed
1528916116,1,self.cscareerquestions,1,13,Wed
1528916992,3,self.cscareerquestions,1,14,Wed
1528917141,2,self.cscareerquestions,1,14,Wed
1528917207,3,self.cscareerquestions,1,14,Wed
1528917474,33,self.cscareerquestions,1,14,Wed
1528918833,1,self.cscareerquestions,1,14,Wed
1528919431,1,self.cscareerquestions,1,14,Wed
1528747135,17,self.cscareerquestions,1,14,Mon
1528748097,1,self.cscareerquestions,1,15,Mon
1528749668,3,self.cscareerquestions,1,15,Mon
1528750636,2,self.cscareerquestions,1,15,Mon
1528751075,0,self.cscareerquestions,1,16,Mon
1528751305,9,self.cscareerquestions,1,16,Mon
1528751388,11,self.cscareerquestions,1,16,Mon
1528751594,1,self.cscareerquestions,1,16,Mon
1528752439,0,self.cscareerquestions,1,16,Mon
1528753201,9,self.cscareerquestions,1,16,Mon
1528753583,4,self.cscareerquestions,1,16,Mon
1528753777,0,self.cscareerquestions,1,16,Mon
1528754480,8,self.cscareerquestions,1,17,Mon
1528755677,9,self.cscareerquestions,1,17,Mon
1528756438,4,self.cscareerquestions,1,17,Mon
1528756989,1,self.cscareerquestions,1,17,Mon
1528757025,8,self.cscareerquestions,1,17,Mon
1528757039,2,self.cscareerquestions,1,17,Mon
1528757481,2,self.cscareerquestions,1,17,Mon
1528757636,2,self.cscareerquestions,1,17,Mon
1528757806,6,self.cscareerquestions,1,17,Mon
1528757830,2,self.cscareerquestions,1,17,Mon
1528758168,5,self.cscareerquestions,1,18,Mon
1528758596,3,self.cscareerquestions,1,18,Mon
1528759242,1,self.cscareerquestions,1,18,Mon
1528759673,1,self.cscareerquestions,1,18,Mon
1528760795,10,self.cscareerquestions,1,18,Mon
1528760825,16,self.cscareerquestions,1,18,Mon
1528762444,14,self.cscareerquestions,1,19,Mon
1528762820,2,self.cscareerquestions,1,19,Mon
1528764129,0,self.cscareerquestions,1,19,Mon
1528764241,2,self.cscareerquestions,1,19,Mon
1528764659,2,self.cscareerquestions,1,19,Mon
1528764953,4,self.cscareerquestions,1,19,Mon
1528764974,11,self.cscareerquestions,1,19,Mon
1528765349,4,self.cscareerquestions,1,20,Mon
1528765651,3,self.cscareerquestions,1,20,Mon
1528765891,4,self.cscareerquestions,1,20,Mon
1528766182,51,self.cscareerquestions,1,20,Mon
1528768111,2,self.cscareerquestions,1,20,Mon
1528768420,0,self.cscareerquestions,1,20,Mon
1528769044,4,self.cscareerquestions,1,21,Mon
1528769155,3,self.cscareerquestions,1,21,Mon
1528770728,5,self.cscareerquestions,1,21,Mon
1528770899,7,self.cscareerquestions,1,21,Mon
1528771671,2,self.cscareerquestions,1,21,Mon
1528772207,3,self.cscareerquestions,1,21,Mon
1528774330,2,self.cscareerquestions,1,22,Mon
1528774961,7,self.cscareerquestions,1,22,Mon
1528781613,2,self.cscareerquestions,1,0,Tue
1528781701,5,self.cscareerquestions,1,0,Tue
1528781727,13,self.cscareerquestions,1,0,Tue
1528783432,5,self.cscareerquestions,1,1,Tue
1528783447,13,self.cscareerquestions,1,1,Tue
1528783530,50,self.cscareerquestions,1,1,Tue
1528784451,22,self.cscareerquestions,1,1,Tue
1528784462,4,self.cscareerquestions,1,1,Tue
1528787228,116,self.cscareerquestions,1,2,Tue
1528787236,167,self.cscareerquestions,1,2,Tue
1528787753,2,self.cscareerquestions,1,2,Tue
1528787805,4,self.cscareerquestions,1,2,Tue
1528793692,10,self.cscareerquestions,1,3,Tue
1528793835,150,self.cscareerquestions,1,3,Tue
1528796144,3,self.cscareerquestions,1,4,Tue
1528801983,3,self.cscareerquestions,1,6,Tue
1528802194,10,self.cscareerquestions,1,6,Tue
1528803068,18,self.cscareerquestions,1,6,Tue
1528803238,4,self.cscareerquestions,1,6,Tue
1528804804,1,self.cscareerquestions,1,7,Tue
1528804954,4,self.cscareerquestions,1,7,Tue
1528806664,18,self.cscareerquestions,1,7,Tue
1528806726,2,self.cscareerquestions,1,7,Tue
1528807211,5,self.cscareerquestions,1,7,Tue
1528808775,1,self.cscareerquestions,1,8,Tue
1528809413,4,self.cscareerquestions,1,8,Tue
1528809851,8,self.cscareerquestions,1,8,Tue
1528809907,7,self.cscareerquestions,1,8,Tue
1528811203,7,self.cscareerquestions,1,8,Tue
1528812262,5,self.cscareerquestions,1,9,Tue
1528812361,16,self.cscareerquestions,1,9,Tue
1528812676,0,self.cscareerquestions,1,9,Tue
1528812748,6,self.cscareerquestions,1,9,Tue
1528813134,2,self.cscareerquestions,1,9,Tue
1528813369,57,self.cscareerquestions,1,9,Tue
1528814576,32,self.cscareerquestions,1,9,Tue
1528814706,4,self.cscareerquestions,1,9,Tue
1528814946,4,self.cscareerquestions,1,9,Tue
1528815024,1,self.cscareerquestions,1,9,Tue
1528815393,2,self.cscareerquestions,1,9,Tue
1528817485,2,self.cscareerquestions,1,10,Tue
1528818184,0,self.cscareerquestions,1,10,Tue
1528819252,9,self.cscareerquestions,1,11,Tue
1528820602,9,self.cscareerquestions,1,11,Tue
1528821040,4,self.cscareerquestions,1,11,Tue
1528822160,2,self.cscareerquestions,1,11,Tue
1528822306,0,self.cscareerquestions,1,11,Tue
1528822785,12,self.cscareerquestions,1,11,Tue
1528823687,4,self.cscareerquestions,1,12,Tue
1528825560,10,self.cscareerquestions,1,12,Tue
1528825615,1,self.cscareerquestions,1,12,Tue
1528825714,2,self.cscareerquestions,1,12,Tue
1528826216,2,self.cscareerquestions,1,12,Tue
1528826340,15,self.cscareerquestions,1,12,Tue
1528826601,34,self.cscareerquestions,1,13,Tue
1528827585,2,self.cscareerquestions,1,13,Tue
1528827910,16,self.cscareerquestions,1,13,Tue
1528828174,32,self.cscareerquestions,1,13,Tue
1528828271,2,self.cscareerquestions,1,13,Tue
1528828677,0,self.cscareerquestions,1,13,Tue
1528828920,21,self.cscareerquestions,1,13,Tue
1528829287,10,self.cscareerquestions,1,13,Tue
1528829370,14,self.cscareerquestions,1,13,Tue
1528829961,160,self.cscareerquestions,1,13,Tue
1528830964,8,self.cscareerquestions,1,14,Tue
1528830999,1,self.cscareerquestions,1,14,Tue
1528831340,1,self.cscareerquestions,1,14,Tue
1528831602,11,self.cscareerquestions,1,14,Tue
1528832674,1,self.cscareerquestions,1,14,Tue
1528660776,5,self.cscareerquestions,1,14,Sun
1528661753,10,self.cscareerquestions,1,15,Sun
1528662110,1,self.cscareerquestions,1,15,Sun
1528662534,2,self.cscareerquestions,1,15,Sun
1528662805,23,self.cscareerquestions,1,15,Sun
1528663699,3,self.cscareerquestions,1,15,Sun
1528663768,0,self.cscareerquestions,1,15,Sun
1528664708,3,self.cscareerquestions,1,16,Sun
1528664880,6,self.cscareerquestions,1,16,Sun
1528664940,2,self.cscareerquestions,1,16,Sun
1528665275,5,self.cscareerquestions,1,16,Sun
1528665323,0,self.cscareerquestions,1,16,Sun
1528665411,5,self.cscareerquestions,1,16,Sun
1528666532,7,self.cscareerquestions,1,16,Sun
1528668645,3,self.cscareerquestions,1,17,Sun
1528668668,31,self.cscareerquestions,1,17,Sun
1528668955,39,self.cscareerquestions,1,17,Sun
1528669256,0,self.cscareerquestions,1,17,Sun
1528669499,1,self.cscareerquestions,1,17,Sun
1528670303,107,self.cscareerquestions,1,17,Sun
1528670809,10,self.cscareerquestions,1,17,Sun
1528671042,5,self.cscareerquestions,1,17,Sun
1528672781,2,self.cscareerquestions,1,18,Sun
1528673263,4,self.cscareerquestions,1,18,Sun
1528675040,5,self.cscareerquestions,1,18,Sun
1528675846,7,self.cscareerquestions,1,19,Sun
1528676783,1,self.cscareerquestions,1,19,Sun
1528677553,0,self.cscareerquestions,1,19,Sun
1528679046,4,self.cscareerquestions,1,20,Sun
1528679423,12,self.cscareerquestions,1,20,Sun
1528680503,2,self.cscareerquestions,1,20,Sun
1528681111,19,self.cscareerquestions,1,20,Sun
1528682120,2,self.cscareerquestions,1,20,Sun
1528682174,2,self.cscareerquestions,1,20,Sun
1528682329,11,self.cscareerquestions,1,20,Sun
1528683767,2,self.cscareerquestions,1,21,Sun
1528684065,11,self.cscareerquestions,1,21,Sun
1528684313,12,self.cscareerquestions,1,21,Sun
1528684577,19,self.cscareerquestions,1,21,Sun
1528685845,10,self.cscareerquestions,1,21,Sun
1528686752,2,self.cscareerquestions,1,22,Sun
1528688024,1,self.cscareerquestions,1,22,Sun
1528688377,2,self.cscareerquestions,1,22,Sun
1528689492,3,self.cscareerquestions,1,22,Sun
1528689546,2,self.cscareerquestions,1,22,Sun
1528691266,10,self.cscareerquestions,1,23,Sun
1528691373,2,self.cscareerquestions,1,23,Sun
1528691639,11,self.cscareerquestions,1,23,Sun
1528692750,7,self.cscareerquestions,1,23,Sun
1528696023,0,self.cscareerquestions,1,0,Mon
1528696717,28,self.cscareerquestions,1,0,Mon
1528699388,2,self.cscareerquestions,1,1,Mon
1528700268,13,self.cscareerquestions,1,1,Mon
1528700433,2,self.cscareerquestions,1,2,Mon
1528700941,179,self.cscareerquestions,1,2,Mon
1528700949,67,self.cscareerquestions,1,2,Mon
1528703234,6,self.cscareerquestions,1,2,Mon
1528708543,7,self.cscareerquestions,1,4,Mon
1528711318,0,self.cscareerquestions,1,5,Mon
1528713738,8,self.cscareerquestions,1,5,Mon
1528713748,2,self.cscareerquestions,1,5,Mon
1528714156,14,self.cscareerquestions,1,5,Mon
1528714483,2,self.cscareerquestions,1,5,Mon
1528715629,2,self.cscareerquestions,1,6,Mon
1528718387,9,self.cscareerquestions,1,6,Mon
1528721001,1,self.cscareerquestions,1,7,Mon
1528722152,6,self.cscareerquestions,1,8,Mon
1528723979,64,self.cscareerquestions,1,8,Mon
1528726051,11,self.cscareerquestions,1,9,Mon
1528726589,54,self.cscareerquestions,1,9,Mon
1528727749,3,self.cscareerquestions,1,9,Mon
1528728534,2,self.cscareerquestions,1,9,Mon
1528729793,21,self.cscareerquestions,1,10,Mon
1528729838,0,self.cscareerquestions,1,10,Mon
1528730239,4,self.cscareerquestions,1,10,Mon
1528731927,1,self.cscareerquestions,1,10,Mon
1528732080,181,self.cscareerquestions,1,10,Mon
1528732294,2,self.cscareerquestions,1,10,Mon
1528732329,4,self.cscareerquestions,1,10,Mon
1528733604,2,self.cscareerquestions,1,11,Mon
1528733797,3,self.cscareerquestions,1,11,Mon
1528736918,24,self.cscareerquestions,1,12,Mon
1528737107,2,self.cscareerquestions,1,12,Mon
1528737681,2,self.cscareerquestions,1,12,Mon
1528738657,5,self.cscareerquestions,1,12,Mon
1528739141,35,self.cscareerquestions,1,12,Mon
1528739354,1,self.cscareerquestions,1,12,Mon
1528739544,7,self.cscareerquestions,1,12,Mon
1528739661,54,self.cscareerquestions,1,12,Mon
1528741383,6,self.cscareerquestions,1,13,Mon
1528741422,0,self.cscareerquestions,1,13,Mon
1528741640,2,self.cscareerquestions,1,13,Mon
1528742305,2,self.cscareerquestions,1,13,Mon
1528742588,157,self.cscareerquestions,1,13,Mon
1528742652,94,self.cscareerquestions,1,13,Mon
1528743233,5,self.cscareerquestions,1,13,Mon
1528744840,5,self.cscareerquestions,1,14,Mon
1528745440,7,self.cscareerquestions,1,14,Mon
1528745448,13,self.cscareerquestions,1,14,Mon
1528745621,4,self.cscareerquestions,1,14,Mon
1528746435,3,self.cscareerquestions,1,14,Mon
1528746456,11,self.cscareerquestions,1,14,Mon
1528574343,2,self.cscareerquestions,1,14,Sat
1528574926,1,self.cscareerquestions,1,15,Sat
1528575586,1,self.cscareerquestions,1,15,Sat
1528575694,2,self.cscareerquestions,1,15,Sat
1528575823,23,self.cscareerquestions,1,15,Sat
1528576158,3,self.cscareerquestions,1,15,Sat
1528576252,7,self.cscareerquestions,1,15,Sat
1528576505,0,self.cscareerquestions,1,15,Sat
1528576884,13,self.cscareerquestions,1,15,Sat
1528577684,4,self.cscareerquestions,1,15,Sat
1528578895,3,self.cscareerquestions,1,16,Sat
1528579885,7,self.cscareerquestions,1,16,Sat
1528580057,2,self.cscareerquestions,1,16,Sat
1528581093,15,self.cscareerquestions,1,16,Sat
1528581243,4,self.cscareerquestions,1,16,Sat
1528582497,3,self.cscareerquestions,1,17,Sat
1528582923,2,self.cscareerquestions,1,17,Sat
1528583980,2,self.cscareerquestions,1,17,Sat
1528584373,231,self.cscareerquestions,1,17,Sat
1528584996,1,self.cscareerquestions,1,17,Sat
1528585165,21,self.cscareerquestions,1,17,Sat
1528586147,0,self.cscareerquestions,1,18,Sat
1528587738,0,self.cscareerquestions,1,18,Sat
1528588968,3,self.cscareerquestions,1,19,Sat
1528589097,3,self.cscareerquestions,1,19,Sat
1528589998,1,self.cscareerquestions,1,19,Sat
1528590280,3,self.cscareerquestions,1,19,Sat
1528590552,2,self.cscareerquestions,1,19,Sat
1528590666,27,self.cscareerquestions,1,19,Sat
1528591286,1,self.cscareerquestions,1,19,Sat
1528592640,4,self.cscareerquestions,1,20,Sat
1528593454,1,self.cscareerquestions,1,20,Sat
1528595126,0,self.cscareerquestions,1,20,Sat
1528597208,5,self.cscareerquestions,1,21,Sat
1528597641,2,self.cscareerquestions,1,21,Sat
1528597761,12,self.cscareerquestions,1,21,Sat
1528598543,2,self.cscareerquestions,1,21,Sat
1528599008,9,self.cscareerquestions,1,21,Sat
1528599149,0,self.cscareerquestions,1,21,Sat
1528600471,52,self.cscareerquestions,1,22,Sat
1528601275,0,self.cscareerquestions,1,22,Sat
1528601371,11,self.cscareerquestions,1,22,Sat
1528603184,2,self.cscareerquestions,1,22,Sat
1528603712,3,self.cscareerquestions,1,23,Sat
1528606067,0,self.cscareerquestions,1,23,Sat
1528607451,15,self.cscareerquestions,1,0,Sun
1528609140,9,self.cscareerquestions,1,0,Sun
1528609951,6,self.cscareerquestions,1,0,Sun
1528610793,1,self.cscareerquestions,1,1,Sun
1528610844,9,self.cscareerquestions,1,1,Sun
1528610877,7,self.cscareerquestions,1,1,Sun
1528612873,1,self.cscareerquestions,1,1,Sun
1528613131,21,self.cscareerquestions,1,1,Sun
1528614095,1,self.cscareerquestions,1,2,Sun
1528614448,144,self.cscareerquestions,1,2,Sun
1528614456,49,self.cscareerquestions,1,2,Sun
1528619729,2,self.cscareerquestions,1,3,Sun
1528621605,2,self.cscareerquestions,1,4,Sun
1528625634,15,self.cscareerquestions,1,5,Sun
1528627973,6,self.cscareerquestions,1,5,Sun
1528628337,2,self.cscareerquestions,1,5,Sun
1528633052,17,self.cscareerquestions,1,7,Sun
1528637470,7,self.cscareerquestions,1,8,Sun
1528638178,7,self.cscareerquestions,1,8,Sun
1528640146,22,self.cscareerquestions,1,9,Sun
1528641014,3,self.cscareerquestions,1,9,Sun
1528644225,3,self.cscareerquestions,1,10,Sun
1528644974,3,self.cscareerquestions,1,10,Sun
1528645585,1,self.cscareerquestions,1,10,Sun
1528645851,3,self.cscareerquestions,1,10,Sun
1528647254,100,self.cscareerquestions,1,11,Sun
1528647616,37,self.cscareerquestions,1,11,Sun
1528648295,1,self.cscareerquestions,1,11,Sun
1528650672,1,self.cscareerquestions,1,12,Sun
1528650701,2,self.cscareerquestions,1,12,Sun
1528650818,13,self.cscareerquestions,1,12,Sun
1528651437,7,self.cscareerquestions,1,12,Sun
1528651803,14,self.cscareerquestions,1,12,Sun
1528656277,2,self.cscareerquestions,1,13,Sun
1528656451,7,self.cscareerquestions,1,13,Sun
1528656601,5,self.cscareerquestions,1,13,Sun
1528657398,4,self.cscareerquestions,1,14,Sun
1528657830,6,self.cscareerquestions,1,14,Sun
1528658013,30,self.cscareerquestions,1,14,Sun
1528659029,2,self.cscareerquestions,1,14,Sun
1528659708,5,self.cscareerquestions,1,14,Sun
1528659711,4,self.cscareerquestions,1,14,Sun
1528659859,5,self.cscareerquestions,1,14,Sun
1528660470,7,self.cscareerquestions,1,14,Sun
1528660524,3,self.cscareerquestions,1,14,Sun
1528487859,3,self.cscareerquestions,1,14,Fri
1528488271,2,self.cscareerquestions,1,15,Fri
1528488302,7,self.cscareerquestions,1,15,Fri
1528488464,5,self.cscareerquestions,1,15,Fri
1528488617,8,self.cscareerquestions,1,15,Fri
1528488920,0,self.cscareerquestions,1,15,Fri
1528488985,0,self.cscareerquestions,1,15,Fri
1528489546,4,self.cscareerquestions,1,15,Fri
1528489793,1,self.cscareerquestions,1,15,Fri
1528490043,3,self.cscareerquestions,1,15,Fri
1528490351,6,self.cscareerquestions,1,15,Fri
1528490550,45,self.cscareerquestions,1,15,Fri
1528490694,3,self.cscareerquestions,1,15,Fri
1528490948,3,self.cscareerquestions,1,15,Fri
1528491070,1,self.cscareerquestions,1,15,Fri
1528493240,2,self.cscareerquestions,1,16,Fri
1528493415,1,self.cscareerquestions,1,16,Fri
1528494050,13,self.cscareerquestions,1,16,Fri
1528494937,0,self.cscareerquestions,1,16,Fri
1528495030,7,self.cscareerquestions,1,16,Fri
1528495229,19,self.cscareerquestions,1,17,Fri
1528495416,14,self.cscareerquestions,1,17,Fri
1528495938,6,self.cscareerquestions,1,17,Fri
1528496314,13,self.cscareerquestions,1,17,Fri
1528496543,22,self.cscareerquestions,1,17,Fri
1528496572,1,self.cscareerquestions,1,17,Fri
1528497470,7,self.cscareerquestions,1,17,Fri
1528497601,2,self.cscareerquestions,1,17,Fri
1528498337,32,self.cscareerquestions,1,17,Fri
1528498653,1,self.cscareerquestions,1,17,Fri
1528499258,8,self.cscareerquestions,1,18,Fri
1528499895,0,self.cscareerquestions,1,18,Fri
1528500258,1,self.cscareerquestions,1,18,Fri
1528500281,13,self.cscareerquestions,1,18,Fri
1528502400,118,self.cscareerquestions,1,19,Fri
1528502769,16,self.cscareerquestions,1,19,Fri
1528502903,2,self.cscareerquestions,1,19,Fri
1528503035,2,self.cscareerquestions,1,19,Fri
1528503144,3,self.cscareerquestions,1,19,Fri
1528504383,2,self.cscareerquestions,1,19,Fri
1528504837,4,self.cscareerquestions,1,19,Fri
1528506100,1,self.cscareerquestions,1,20,Fri
1528506613,1,self.cscareerquestions,1,20,Fri
1528507022,4,self.cscareerquestions,1,20,Fri
1528507125,1,self.cscareerquestions,1,20,Fri
1528507270,0,self.cscareerquestions,1,20,Fri
1528508253,1,self.cscareerquestions,1,20,Fri
1528508648,14,self.cscareerquestions,1,20,Fri
1528509119,3,self.cscareerquestions,1,20,Fri
1528509373,1,self.cscareerquestions,1,20,Fri
1528509700,19,self.cscareerquestions,1,21,Fri
1528510266,8,self.cscareerquestions,1,21,Fri
1528510752,2,self.cscareerquestions,1,21,Fri
1528511590,0,self.cscareerquestions,1,21,Fri
1528511755,15,self.cscareerquestions,1,21,Fri
1528512488,3,self.cscareerquestions,1,21,Fri
1528512605,5,self.cscareerquestions,1,21,Fri
1528513838,0,self.cscareerquestions,1,22,Fri
1528515623,5,self.cscareerquestions,1,22,Fri
1528516466,6,self.cscareerquestions,1,22,Fri
1528517711,23,self.cscareerquestions,1,23,Fri
1528518004,5,self.cscareerquestions,1,23,Fri
1528518843,10,self.cscareerquestions,1,23,Fri
1528519944,6,self.cscareerquestions,1,23,Fri
1528520954,0,self.cscareerquestions,1,0,Sat
1528521304,2,self.cscareerquestions,1,0,Sat
1528521515,2,self.cscareerquestions,1,0,Sat
1528522014,2,self.cscareerquestions,1,0,Sat
1528522114,1,self.cscareerquestions,1,0,Sat
1528522491,1,self.cscareerquestions,1,0,Sat
1528523398,26,self.cscareerquestions,1,0,Sat
1528524743,1,self.cscareerquestions,1,1,Sat
1528524746,16,self.cscareerquestions,1,1,Sat
1528525672,6,self.cscareerquestions,1,1,Sat
1528526479,117,self.cscareerquestions,1,1,Sat
1528528031,110,self.cscareerquestions,1,2,Sat
1528528039,55,self.cscareerquestions,1,2,Sat
1528529749,1,self.cscareerquestions,1,2,Sat
1528531513,5,self.cscareerquestions,1,3,Sat
1528534430,2,self.cscareerquestions,1,3,Sat
1528536699,2,self.cscareerquestions,1,4,Sat
1528540509,15,self.cscareerquestions,1,5,Sat
1528541169,2,self.cscareerquestions,1,5,Sat
1528541792,12,self.cscareerquestions,1,5,Sat
1528542915,2,self.cscareerquestions,1,6,Sat
1528545507,1,self.cscareerquestions,1,6,Sat
1528545840,3,self.cscareerquestions,1,7,Sat
1528546398,4,self.cscareerquestions,1,7,Sat
1528549278,11,self.cscareerquestions,1,8,Sat
1528550511,10,self.cscareerquestions,1,8,Sat
1528551673,2,self.cscareerquestions,1,8,Sat
1528552188,12,self.cscareerquestions,1,8,Sat
1528552463,14,self.cscareerquestions,1,8,Sat
1528553041,16,self.cscareerquestions,1,9,Sat
1528554234,11,self.cscareerquestions,1,9,Sat
1528555448,14,self.cscareerquestions,1,9,Sat
1528555496,6,self.cscareerquestions,1,9,Sat
1528555758,0,self.cscareerquestions,1,9,Sat
1528557100,0,self.cscareerquestions,1,10,Sat
1528557476,3,self.cscareerquestions,1,10,Sat
1528557555,15,self.cscareerquestions,1,10,Sat
1528557649,39,self.cscareerquestions,1,10,Sat
1528559525,8,self.cscareerquestions,1,10,Sat
1528559736,1,self.cscareerquestions,1,10,Sat
1528560454,6,self.cscareerquestions,1,11,Sat
1528561333,0,self.cscareerquestions,1,11,Sat
1528561368,0,self.cscareerquestions,1,11,Sat
1528562809,1,self.cscareerquestions,1,11,Sat
1528563031,3,self.cscareerquestions,1,11,Sat
1528563601,0,self.cscareerquestions,1,12,Sat
1528563964,1,self.cscareerquestions,1,12,Sat
1528564515,2,self.cscareerquestions,1,12,Sat
1528564777,28,self.cscareerquestions,1,12,Sat
1528565720,2,self.cscareerquestions,1,12,Sat
1528565842,18,self.cscareerquestions,1,12,Sat
1528565882,2,self.cscareerquestions,1,12,Sat
1528565932,5,self.cscareerquestions,1,12,Sat
1528566528,2,self.cscareerquestions,1,12,Sat
1528566951,21,self.cscareerquestions,1,12,Sat
1528567606,13,self.cscareerquestions,1,13,Sat
1528567629,7,self.cscareerquestions,1,13,Sat
1528568629,12,self.cscareerquestions,1,13,Sat
1528570030,12,self.cscareerquestions,1,13,Sat
1528570164,2,self.cscareerquestions,1,13,Sat
1528571668,4,self.cscareerquestions,1,14,Sat
1528571678,7,self.cscareerquestions,1,14,Sat
1528572685,0,self.cscareerquestions,1,14,Sat
1528573289,2,self.cscareerquestions,1,14,Sat
1528401792,5,self.cscareerquestions,1,15,Thu
1528402568,88,self.cscareerquestions,1,15,Thu
1528402680,5,self.cscareerquestions,1,15,Thu
1528402718,50,self.cscareerquestions,1,15,Thu
1528402783,15,self.cscareerquestions,1,15,Thu
1528403211,5,self.cscareerquestions,1,15,Thu
1528403361,2,self.cscareerquestions,1,15,Thu
1528404392,10,self.cscareerquestions,1,15,Thu
1528405776,0,self.cscareerquestions,1,16,Thu
1528408135,3,self.cscareerquestions,1,16,Thu
1528408318,10,self.cscareerquestions,1,16,Thu
1528408706,2,self.cscareerquestions,1,16,Thu
1528408784,8,self.cscareerquestions,1,16,Thu
1528408965,7,self.cscareerquestions,1,17,Thu
1528409250,1,self.cscareerquestions,1,17,Thu
1528409648,5,self.cscareerquestions,1,17,Thu
1528409759,0,self.cscareerquestions,1,17,Thu
1528409829,2,self.cscareerquestions,1,17,Thu
1528409868,24,self.cscareerquestions,1,17,Thu
1528410578,9,self.cscareerquestions,1,17,Thu
1528410769,0,self.cscareerquestions,1,17,Thu
1528411759,4,self.cscareerquestions,1,17,Thu
1528411837,4,self.cscareerquestions,1,17,Thu
1528412345,1,self.cscareerquestions,1,17,Thu
1528412358,0,self.cscareerquestions,1,17,Thu
1528412404,2,self.cscareerquestions,1,18,Thu
1528412450,2,self.cscareerquestions,1,18,Thu
1528412712,12,self.cscareerquestions,1,18,Thu
1528413035,2,self.cscareerquestions,1,18,Thu
1528413355,10,self.cscareerquestions,1,18,Thu
1528413414,5,self.cscareerquestions,1,18,Thu
1528413829,1,self.cscareerquestions,1,18,Thu
1528414429,0,self.cscareerquestions,1,18,Thu
1528415065,1,self.cscareerquestions,1,18,Thu
1528415357,1,self.cscareerquestions,1,18,Thu
1528416028,12,self.cscareerquestions,1,19,Thu
1528416849,2,self.cscareerquestions,1,19,Thu
1528417224,2,self.cscareerquestions,1,19,Thu
1528418104,19,self.cscareerquestions,1,19,Thu
1528418169,0,self.cscareerquestions,1,19,Thu
1528418978,3,self.cscareerquestions,1,19,Thu
1528419166,3,self.cscareerquestions,1,19,Thu
1528419636,6,self.cscareerquestions,1,20,Thu
1528419842,14,self.cscareerquestions,1,20,Thu
1528419973,0,self.cscareerquestions,1,20,Thu
1528420131,5,self.cscareerquestions,1,20,Thu
1528420513,10,self.cscareerquestions,1,20,Thu
1528420626,2,self.cscareerquestions,1,20,Thu
1528421865,4,self.cscareerquestions,1,20,Thu
1528422315,39,self.cscareerquestions,1,20,Thu
1528422324,3,self.cscareerquestions,1,20,Thu
1528423662,2,self.cscareerquestions,1,21,Thu
1528424095,4,self.cscareerquestions,1,21,Thu
1528424115,2,self.cscareerquestions,1,21,Thu
1528424308,16,self.cscareerquestions,1,21,Thu
1528424343,40,self.cscareerquestions,1,21,Thu
1528424525,12,self.cscareerquestions,1,21,Thu
1528425055,0,self.cscareerquestions,1,21,Thu
1528425213,2,self.cscareerquestions,1,21,Thu
1528426461,3,self.cscareerquestions,1,21,Thu
1528427863,11,self.cscareerquestions,1,22,Thu
1528428215,3,self.cscareerquestions,1,22,Thu
1528431749,1,self.cscareerquestions,1,23,Thu
1528431936,3,self.cscareerquestions,1,23,Thu
1528432239,5,self.cscareerquestions,1,23,Thu
1528433481,0,self.cscareerquestions,1,23,Thu
1528433741,9,self.cscareerquestions,1,23,Thu
1528433976,16,self.cscareerquestions,1,23,Thu
1528434166,33,self.cscareerquestions,1,0,Fri
1528435714,10,self.cscareerquestions,1,0,Fri
1528436484,3,self.cscareerquestions,1,0,Fri
1528437565,1,self.cscareerquestions,1,0,Fri
1528439620,5,self.cscareerquestions,1,1,Fri
1528440649,0,self.cscareerquestions,1,1,Fri
1528441714,94,self.cscareerquestions,1,2,Fri
1528441722,104,self.cscareerquestions,1,2,Fri
1528441730,630,self.cscareerquestions,1,2,Fri
1528441753,8,self.cscareerquestions,1,2,Fri
1528443165,2,self.cscareerquestions,1,2,Fri
1528444795,2,self.cscareerquestions,1,2,Fri
1528445853,0,self.cscareerquestions,1,3,Fri
1528446623,2,self.cscareerquestions,1,3,Fri
1528446931,8,self.cscareerquestions,1,3,Fri
1528447174,0,self.cscareerquestions,1,3,Fri
1528447604,6,self.cscareerquestions,1,3,Fri
1528447783,4,self.cscareerquestions,1,3,Fri
1528448535,0,self.cscareerquestions,1,4,Fri
1528449585,0,self.cscareerquestions,1,4,Fri
1528457496,72,self.cscareerquestions,1,6,Fri
1528459169,0,self.cscareerquestions,1,6,Fri
1528459766,22,self.cscareerquestions,1,7,Fri
1528462265,8,self.cscareerquestions,1,7,Fri
1528465803,7,self.cscareerquestions,1,8,Fri
1528468948,13,self.cscareerquestions,1,9,Fri
1528469991,2,self.cscareerquestions,1,9,Fri
1528471109,2,self.cscareerquestions,1,10,Fri
1528471596,11,self.cscareerquestions,1,10,Fri
1528471836,8,self.cscareerquestions,1,10,Fri
1528473433,84,self.cscareerquestions,1,10,Fri
1528473481,4,self.cscareerquestions,1,10,Fri
1528475645,14,self.cscareerquestions,1,11,Fri
1528476066,0,self.cscareerquestions,1,11,Fri
1528477095,5,self.cscareerquestions,1,11,Fri
1528477592,0,self.AskProgramming,1,12,Fri
1528477883,0,self.cscareerquestions,1,12,Fri
1528477958,0,self.cscareerquestions,1,12,Fri
1528479012,0,self.cscareerquestions,1,12,Fri
1528479044,3,self.cscareerquestions,1,12,Fri
1528479701,8,self.cscareerquestions,1,12,Fri
1528479733,9,self.cscareerquestions,1,12,Fri
1528480058,18,self.cscareerquestions,1,12,Fri
1528480319,17,self.cscareerquestions,1,12,Fri
1528481482,2,self.cscareerquestions,1,13,Fri
1528481517,15,self.cscareerquestions,1,13,Fri
1528482266,8,self.cscareerquestions,1,13,Fri
1528482408,1,self.cscareerquestions,1,13,Fri
1528482660,41,self.cscareerquestions,1,13,Fri
1528482763,3,self.cscareerquestions,1,13,Fri
1528482918,11,self.cscareerquestions,1,13,Fri
1528483663,27,self.cscareerquestions,1,13,Fri
1528484080,7,self.cscareerquestions,1,13,Fri
1528484389,10,self.cscareerquestions,1,13,Fri
1528484896,10,self.cscareerquestions,1,14,Fri
1528485531,7,self.cscareerquestions,1,14,Fri
1528486345,4,self.cscareerquestions,1,14,Fri
1528486725,20,self.cscareerquestions,1,14,Fri
1528486806,12,self.cscareerquestions,1,14,Fri
1528487359,3,self.cscareerquestions,1,14,Fri
1528487593,10,self.cscareerquestions,1,14,Fri
1528314982,209,self.cscareerquestions,1,14,Wed
1528315163,33,self.cscareerquestions,1,14,Wed
1528317854,30,self.cscareerquestions,1,15,Wed
1528318914,5,self.cscareerquestions,1,16,Wed
1528319471,188,self.cscareerquestions,1,16,Wed
1528319876,4,self.cscareerquestions,1,16,Wed
1528320233,12,self.cscareerquestions,1,16,Wed
1528320525,38,self.cscareerquestions,1,16,Wed
1528320946,4,self.cscareerquestions,1,16,Wed
1528321517,14,self.cscareerquestions,1,16,Wed
1528321727,1,self.cscareerquestions,1,16,Wed
1528322626,0,self.cscareerquestions,1,17,Wed
1528322877,1,self.cscareerquestions,1,17,Wed
1528323111,6,self.cscareerquestions,1,17,Wed
1528323633,2,self.cscareerquestions,1,17,Wed
1528323880,8,self.cscareerquestions,1,17,Wed
1528324681,2,self.cscareerquestions,1,17,Wed
1528324965,2,self.cscareerquestions,1,17,Wed
1528325150,0,self.cscareerquestions,1,17,Wed
1528325881,10,self.cscareerquestions,1,17,Wed
1528325986,2,self.cscareerquestions,1,17,Wed
1528326267,4,self.cscareerquestions,1,18,Wed
1528327354,5,self.cscareerquestions,1,18,Wed
1528327443,1,self.cscareerquestions,1,18,Wed
1528329446,6,self.cscareerquestions,1,18,Wed
1528329737,7,self.cscareerquestions,1,19,Wed
1528331317,2,self.cscareerquestions,1,19,Wed
1528331337,19,self.cscareerquestions,1,19,Wed
1528331448,0,self.cscareerquestions,1,19,Wed
1528331798,2,self.cscareerquestions,1,19,Wed
1528331930,17,self.cscareerquestions,1,19,Wed
1528332200,0,self.cscareerquestions,1,19,Wed
1528332503,3,self.cscareerquestions,1,19,Wed
1528332831,1,self.cscareerquestions,1,19,Wed
1528333069,8,self.cscareerquestions,1,19,Wed
1528333450,9,self.cscareerquestions,1,20,Wed
1528334559,1,self.cscareerquestions,1,20,Wed
1528335172,10,self.cscareerquestions,1,20,Wed
1528335539,5,self.cscareerquestions,1,20,Wed
1528336727,0,self.cscareerquestions,1,20,Wed
1528336777,4,self.cscareerquestions,1,20,Wed
1528336836,9,self.cscareerquestions,1,21,Wed
1528337753,3,self.cscareerquestions,1,21,Wed
1528338035,2,self.cscareerquestions,1,21,Wed
1528338308,1,self.cscareerquestions,1,21,Wed
1528338423,3,self.cscareerquestions,1,21,Wed
1528338519,1,self.cscareerquestions,1,21,Wed
1528338933,10,self.cscareerquestions,1,21,Wed
1528339436,2,self.cscareerquestions,1,21,Wed
1528339491,14,self.cscareerquestions,1,21,Wed
1528339615,8,self.cscareerquestions,1,21,Wed
1528340947,0,self.cscareerquestions,1,22,Wed
1528341474,26,self.cscareerquestions,1,22,Wed
1528342298,2,self.cscareerquestions,1,22,Wed
1528342935,9,self.cscareerquestions,1,22,Wed
1528344649,2,self.cscareerquestions,1,23,Wed
1528344750,5,self.cscareerquestions,1,23,Wed
1528344960,3,self.cscareerquestions,1,23,Wed
1528346543,12,self.cscareerquestions,1,23,Wed
1528349154,4,self.cscareerquestions,1,0,Thu
1528349670,5,self.cscareerquestions,1,0,Thu
1528350112,2,self.cscareerquestions,1,0,Thu
1528351585,14,self.cscareerquestions,1,1,Thu
1528351745,2,self.cscareerquestions,1,1,Thu
1528352322,6,self.cscareerquestions,1,1,Thu
1528355233,1,self.cscareerquestions,1,2,Thu
1528355235,121,self.cscareerquestions,1,2,Thu
1528355244,93,self.cscareerquestions,1,2,Thu
1528355915,14,self.cscareerquestions,1,2,Thu
1528358337,3,self.cscareerquestions,1,2,Thu
1528366041,2,self.cscareerquestions,1,5,Thu
1528367547,6,self.cscareerquestions,1,5,Thu
1528368329,0,self.cscareerquestions,1,5,Thu
1528368728,0,self.cscareerquestions,1,5,Thu
1528369434,26,self.cscareerquestions,1,6,Thu
1528372592,3,self.cscareerquestions,1,6,Thu
1528372725,9,self.cscareerquestions,1,6,Thu
1528373033,6,self.cscareerquestions,1,7,Thu
1528374026,2,self.cscareerquestions,1,7,Thu
1528374310,0,self.cscareerquestions,1,7,Thu
1528375215,5,self.cscareerquestions,1,7,Thu
1528375638,19,self.cscareerquestions,1,7,Thu
1528375714,8,self.cscareerquestions,1,7,Thu
1528375869,0,self.cscareerquestions,1,7,Thu
1528376063,5,self.cscareerquestions,1,7,Thu
1528376946,2,self.cscareerquestions,1,8,Thu
1528377404,9,self.cscareerquestions,1,8,Thu
1528377875,2,self.cscareerquestions,1,8,Thu
1528378149,40,self.cscareerquestions,1,8,Thu
1528378558,26,self.cscareerquestions,1,8,Thu
1528378756,3,self.cscareerquestions,1,8,Thu
1528379717,129,self.cscareerquestions,1,8,Thu
1528380646,2,self.cscareerquestions,1,9,Thu
1528381643,39,self.cscareerquestions,1,9,Thu
1528382030,11,self.cscareerquestions,1,9,Thu
1528382262,4,self.cscareerquestions,1,9,Thu
1528382940,2,self.cscareerquestions,1,9,Thu
1528383276,9,self.cscareerquestions,1,9,Thu
1528384593,12,self.cscareerquestions,1,10,Thu
1528387417,7,self.cscareerquestions,1,11,Thu
1528388099,1,self.cscareerquestions,1,11,Thu
1528388753,4,self.cscareerquestions,1,11,Thu
1528388781,9,self.cscareerquestions,1,11,Thu
1528389054,4,self.cscareerquestions,1,11,Thu
1528389197,0,self.cscareerquestions,1,11,Thu
1528389339,2,self.cscareerquestions,1,11,Thu
1528389816,2,self.cscareerquestions,1,11,Thu
1528389981,3,self.cscareerquestions,1,11,Thu
1528390003,4,self.cscareerquestions,1,11,Thu
1528390215,13,self.cscareerquestions,1,11,Thu
1528391911,14,self.cscareerquestions,1,12,Thu
1528392699,5,self.cscareerquestions,1,12,Thu
1528392748,2,self.cscareerquestions,1,12,Thu
1528393627,6,self.cscareerquestions,1,12,Thu
1528394082,4,self.cscareerquestions,1,12,Thu
1528394806,2,self.cscareerquestions,1,13,Thu
1528396098,3,self.cscareerquestions,1,13,Thu
1528396123,2,self.cscareerquestions,1,13,Thu
1528397082,6,self.cscareerquestions,1,13,Thu
1528399507,14,self.cscareerquestions,1,14,Thu
1528400263,19,self.cscareerquestions,1,14,Thu
1528401323,2,self.cscareerquestions,1,14,Thu
1528229362,1,self.cscareerquestions,1,15,Tue
1528229514,39,self.cscareerquestions,1,15,Tue
1528230322,6,self.cscareerquestions,1,15,Tue
1528230355,15,self.cscareerquestions,1,15,Tue
1528230468,9,self.cscareerquestions,1,15,Tue
1528231219,25,self.cscareerquestions,1,15,Tue
1528231993,2,self.cscareerquestions,1,15,Tue
1528232191,42,self.cscareerquestions,1,15,Tue
1528232569,6,self.cscareerquestions,1,16,Tue
1528232676,7,self.cscareerquestions,1,16,Tue
1528232719,6,self.cscareerquestions,1,16,Tue
1528233002,3,self.cscareerquestions,1,16,Tue
1528233305,8,self.cscareerquestions,1,16,Tue
1528233498,1,self.cscareerquestions,1,16,Tue
1528233936,13,self.cscareerquestions,1,16,Tue
1528234162,3,self.cscareerquestions,1,16,Tue
1528236074,4,self.cscareerquestions,1,17,Tue
1528236269,3,self.cscareerquestions,1,17,Tue
1528236599,5,self.cscareerquestions,1,17,Tue
1528236914,1,self.cscareerquestions,1,17,Tue
1528237338,3,self.cscareerquestions,1,17,Tue
1528237541,15,self.cscareerquestions,1,17,Tue
1528238683,5,self.cscareerquestions,1,17,Tue
1528238880,9,self.cscareerquestions,1,17,Tue
1528238982,4,self.cscareerquestions,1,17,Tue
1528239717,28,self.cscareerquestions,1,18,Tue
1528239811,6,self.cscareerquestions,1,18,Tue
1528240194,1,self.cscareerquestions,1,18,Tue
1528241489,8,self.cscareerquestions,1,18,Tue
1528241683,6,self.cscareerquestions,1,18,Tue
1528241750,0,self.cscareerquestions,1,18,Tue
1528242434,2,self.cscareerquestions,1,18,Tue
1528243627,237,self.cscareerquestions,1,19,Tue
1528244489,1,self.cscareerquestions,1,19,Tue
1528244512,2,self.cscareerquestions,1,19,Tue
1528244883,2,self.cscareerquestions,1,19,Tue
1528244983,2,self.cscareerquestions,1,19,Tue
1528245113,5,self.cscareerquestions,1,19,Tue
1528245304,12,self.cscareerquestions,1,19,Tue
1528245572,3,self.cscareerquestions,1,19,Tue
1528245982,12,self.cscareerquestions,1,19,Tue
1528246100,2,self.cscareerquestions,1,19,Tue
1528246172,6,self.cscareerquestions,1,19,Tue
1528246930,2,self.cscareerquestions,1,20,Tue
1528246930,6,self.cscareerquestions,1,20,Tue
1528247186,3,self.cscareerquestions,1,20,Tue
1528247308,1,self.cscareerquestions,1,20,Tue
1528248458,1,self.cscareerquestions,1,20,Tue
1528248916,0,self.cscareerquestions,1,20,Tue
1528249274,2,self.cscareerquestions,1,20,Tue
1528249513,1,self.cscareerquestions,1,20,Tue
1528249816,0,self.cscareerquestions,1,20,Tue
1528251050,4,self.cscareerquestions,1,21,Tue
1528252230,3,self.cscareerquestions,1,21,Tue
1528252956,3,self.cscareerquestions,1,21,Tue
1528252964,10,self.cscareerquestions,1,21,Tue
1528254417,0,self.cscareerquestions,1,22,Tue
1528254840,39,self.cscareerquestions,1,22,Tue
1528254933,18,self.cscareerquestions,1,22,Tue
1528254991,4,self.cscareerquestions,1,22,Tue
1528255366,1,self.cscareerquestions,1,22,Tue
1528255369,2,self.cscareerquestions,1,22,Tue
1528255609,39,self.cscareerquestions,1,22,Tue
1528257945,2,self.cscareerquestions,1,23,Tue
1528259755,5,self.cscareerquestions,1,23,Tue
1528259866,6,self.cscareerquestions,1,23,Tue
1528260157,1,self.cscareerquestions,1,23,Tue
1528260174,3,self.cscareerquestions,1,23,Tue
1528260232,2,self.cscareerquestions,1,23,Tue
1528262098,0,self.cscareerquestions,1,0,Wed
1528262157,0,self.cscareerquestions,1,0,Wed
1528262646,0,self.cscareerquestions,1,0,Wed
1528262707,0,self.cscareerquestions,1,0,Wed
1528263232,2,self.cscareerquestions,1,0,Wed
1528264513,67,self.cscareerquestions,1,0,Wed
1528266898,21,self.cscareerquestions,1,1,Wed
1528267968,35,self.cscareerquestions,1,1,Wed
1528268000,6,self.cscareerquestions,1,1,Wed
1528268560,0,self.cscareerquestions,1,2,Wed
1528268844,255,self.cscareerquestions,1,2,Wed
1528268852,93,self.cscareerquestions,1,2,Wed
1528268860,310,self.cscareerquestions,1,2,Wed
1528271218,3,self.cscareerquestions,1,2,Wed
1528272906,9,self.cscareerquestions,1,3,Wed
1528273431,1,self.cscareerquestions,1,3,Wed
1528274410,9,self.cscareerquestions,1,3,Wed
1528274737,10,self.cscareerquestions,1,3,Wed
1528276009,10,self.cscareerquestions,1,4,Wed
1528278892,4,self.cscareerquestions,1,4,Wed
1528280455,7,self.cscareerquestions,1,5,Wed
1528280888,0,self.cscareerquestions,1,5,Wed
1528282374,4,self.cscareerquestions,1,5,Wed
1528283758,7,self.cscareerquestions,1,6,Wed
1528284065,2,self.cscareerquestions,1,6,Wed
1528284170,0,self.cscareerquestions,1,6,Wed
1528284186,118,self.cscareerquestions,1,6,Wed
1528286565,2,self.cscareerquestions,1,7,Wed
1528286793,2,self.cscareerquestions,1,7,Wed
1528287447,2,self.cscareerquestions,1,7,Wed
1528287743,4,self.cscareerquestions,1,7,Wed
1528288447,3,self.cscareerquestions,1,7,Wed
1528288635,0,self.cscareerquestions,1,7,Wed
1528289857,10,self.cscareerquestions,1,7,Wed
1528290009,9,self.cscareerquestions,1,8,Wed
1528290402,0,self.cscareerquestions,1,8,Wed
1528290579,0,self.cscareerquestions,1,8,Wed
1528290600,70,self.cscareerquestions,1,8,Wed
1528290888,0,self.cscareerquestions,1,8,Wed
1528291675,8,self.cscareerquestions,1,8,Wed
1528291861,3,self.cscareerquestions,1,8,Wed
1528292341,17,self.cscareerquestions,1,8,Wed
1528292751,4,self.cscareerquestions,1,8,Wed
1528293650,2,self.cscareerquestions,1,9,Wed
1528293707,1,self.cscareerquestions,1,9,Wed
1528294199,39,self.cscareerquestions,1,9,Wed
1528295040,8,self.cscareerquestions,1,9,Wed
1528295471,27,self.cscareerquestions,1,9,Wed
1528296469,9,self.cscareerquestions,1,9,Wed
1528296506,14,self.cscareerquestions,1,9,Wed
1528300300,2,self.cscareerquestions,1,10,Wed
1528300762,2,self.cscareerquestions,1,10,Wed
1528301113,2,self.cscareerquestions,1,11,Wed
1528301121,10,self.cscareerquestions,1,11,Wed
1528301132,2,self.cscareerquestions,1,11,Wed
1528301484,3,self.cscareerquestions,1,11,Wed
1528301681,11,self.cscareerquestions,1,11,Wed
1528302132,11,self.cscareerquestions,1,11,Wed
1528302800,4,self.cscareerquestions,1,11,Wed
1528303127,0,self.cscareerquestions,1,11,Wed
1528304445,2,self.cscareerquestions,1,12,Wed
1528304491,7,self.cscareerquestions,1,12,Wed
1528304570,2,self.cscareerquestions,1,12,Wed
1528304587,10,self.cscareerquestions,1,12,Wed
1528304594,4,self.cscareerquestions,1,12,Wed
1528304708,2,self.cscareerquestions,1,12,Wed
1528304791,4,self.cscareerquestions,1,12,Wed
1528304886,17,self.cscareerquestions,1,12,Wed
1528304894,9,self.cscareerquestions,1,12,Wed
1528305247,9,self.cscareerquestions,1,12,Wed
1528306271,1,self.cscareerquestions,1,12,Wed
1528306511,2,self.cscareerquestions,1,12,Wed
1528306762,12,self.cscareerquestions,1,12,Wed
1528306838,41,self.cscareerquestions,1,12,Wed
1528306975,3,self.cscareerquestions,1,12,Wed
1528307990,5,self.cscareerquestions,1,12,Wed
1528308110,2,self.cscareerquestions,1,13,Wed
1528308277,7,self.cscareerquestions,1,13,Wed
1528308280,9,self.cscareerquestions,1,13,Wed
1528308989,13,self.cscareerquestions,1,13,Wed
1528309414,6,self.cscareerquestions,1,13,Wed
1528309487,0,self.cscareerquestions,1,13,Wed
1528309702,0,self.cscareerquestions,1,13,Wed
1528309850,11,self.cscareerquestions,1,13,Wed
1528310135,1,self.cscareerquestions,1,13,Wed
1528310207,2,self.cscareerquestions,1,13,Wed
1528310685,9,self.cscareerquestions,1,13,Wed
1528310925,5,self.cscareerquestions,1,13,Wed
1528311266,7,self.cscareerquestions,1,13,Wed
1528311729,11,self.cscareerquestions,1,14,Wed
1528311803,24,self.cscareerquestions,1,14,Wed
1528312370,10,self.cscareerquestions,1,14,Wed
1528312996,32,self.cscareerquestions,1,14,Wed
1528313380,2,self.cscareerquestions,1,14,Wed
1528313664,5,self.cscareerquestions,1,14,Wed
1528313748,10,self.cscareerquestions,1,14,Wed
1528313813,12,self.cscareerquestions,1,14,Wed
1528313845,1,self.cscareerquestions,1,14,Wed
1528314326,1,self.cscareerquestions,1,14,Wed
1528314394,13,self.cscareerquestions,1,14,Wed
1528142354,0,self.cscareerquestions,1,14,Mon
1528142413,2,self.cscareerquestions,1,15,Mon
1528142519,7,self.cscareerquestions,1,15,Mon
1528142865,2,self.cscareerquestions,1,15,Mon
1528143095,6,self.cscareerquestions,1,15,Mon
1528143188,6,self.cscareerquestions,1,15,Mon
1528143273,3,self.cscareerquestions,1,15,Mon
1528143383,2,self.cscareerquestions,1,15,Mon
1528143711,3,self.cscareerquestions,1,15,Mon
1528143748,7,self.cscareerquestions,1,15,Mon
1528144482,30,self.cscareerquestions,1,15,Mon
1528145119,1,self.cscareerquestions,1,15,Mon
1528145578,4,self.cscareerquestions,1,15,Mon
1528145642,4,self.cscareerquestions,1,15,Mon
1528145838,8,self.cscareerquestions,1,15,Mon
1528145946,12,self.cscareerquestions,1,15,Mon
1528146178,261,self.cscareerquestions,1,16,Mon
1528146591,2,self.cscareerquestions,1,16,Mon
1528146904,1,self.cscareerquestions,1,16,Mon
1528147076,27,self.cscareerquestions,1,16,Mon
1528147118,0,self.cscareerquestions,1,16,Mon
1528147292,5,self.cscareerquestions,1,16,Mon
1528147641,17,self.cscareerquestions,1,16,Mon
1528147719,0,self.cscareerquestions,1,16,Mon
1528147720,0,self.cscareerquestions,1,16,Mon
1528148289,1,self.cscareerquestions,1,16,Mon
1528148299,6,self.cscareerquestions,1,16,Mon
1528148408,0,self.cscareerquestions,1,16,Mon
1528148952,2,self.cscareerquestions,1,16,Mon
1528149484,1,self.cscareerquestions,1,16,Mon
1528150133,10,self.cscareerquestions,1,17,Mon
1528150328,2,self.cscareerquestions,1,17,Mon
1528151078,4,self.cscareerquestions,1,17,Mon
1528151308,17,self.cscareerquestions,1,17,Mon
1528151316,2,self.cscareerquestions,1,17,Mon
1528151374,1,self.cscareerquestions,1,17,Mon
1528151559,5,self.cscareerquestions,1,17,Mon
1528151604,23,self.cscareerquestions,1,17,Mon
1528151660,0,self.cscareerquestions,1,17,Mon
1528151751,6,self.cscareerquestions,1,17,Mon
1528151804,1,self.cscareerquestions,1,17,Mon
1528152106,0,self.cscareerquestions,1,17,Mon
1528152139,13,self.cscareerquestions,1,17,Mon
1528152606,4,self.cscareerquestions,1,17,Mon
1528152923,2,self.cscareerquestions,1,17,Mon
1528153791,3,self.cscareerquestions,1,18,Mon
1528153936,10,self.cscareerquestions,1,18,Mon
1528154094,7,self.cscareerquestions,1,18,Mon
1528154529,86,self.cscareerquestions,1,18,Mon
1528155868,21,self.cscareerquestions,1,18,Mon
1528156423,1,self.cscareerquestions,1,18,Mon
1528156517,5,self.cscareerquestions,1,18,Mon
1528157404,4,self.cscareerquestions,1,19,Mon
1528157627,2,self.cscareerquestions,1,19,Mon
1528159614,1,self.cscareerquestions,1,19,Mon
1528159705,1,self.cscareerquestions,1,19,Mon
1528161069,5,self.cscareerquestions,1,20,Mon
1528161293,1,self.cscareerquestions,1,20,Mon
1528161338,7,self.cscareerquestions,1,20,Mon
1528161541,19,self.cscareerquestions,1,20,Mon
1528162031,7,self.cscareerquestions,1,20,Mon
1528162127,9,self.cscareerquestions,1,20,Mon
1528165315,47,self.cscareerquestions,1,21,Mon
1528165320,13,self.cscareerquestions,1,21,Mon
1528165330,8,self.cscareerquestions,1,21,Mon
1528165380,2,self.cscareerquestions,1,21,Mon
1528165955,8,self.cscareerquestions,1,21,Mon
1528166649,2,self.cscareerquestions,1,21,Mon
1528166697,14,self.cscareerquestions,1,21,Mon
1528166804,2,self.cscareerquestions,1,21,Mon
1528169496,4,self.cscareerquestions,1,22,Mon
1528172122,9,self.cscareerquestions,1,23,Mon
1528172161,3,self.cscareerquestions,1,23,Mon
1528172163,2,self.cscareerquestions,1,23,Mon
1528173107,3,self.cscareerquestions,1,23,Mon
1528173342,1,self.cscareerquestions,1,23,Mon
1528174555,79,self.cscareerquestions,1,23,Mon
1528176767,3,self.cscareerquestions,1,0,Tue
1528176819,3,self.cscareerquestions,1,0,Tue
1528177161,2,self.cscareerquestions,1,0,Tue
1528177477,1,self.cscareerquestions,1,0,Tue
1528178846,5,self.cscareerquestions,1,1,Tue
1528179416,0,self.cscareerquestions,1,1,Tue
1528179600,7,self.cscareerquestions,1,1,Tue
1528180001,13,self.cscareerquestions,1,1,Tue
1528181122,0,self.cscareerquestions,1,1,Tue
1528181736,6,self.cscareerquestions,1,1,Tue
1528182433,169,self.cscareerquestions,1,2,Tue
1528182441,126,self.cscareerquestions,1,2,Tue
1528182457,1,self.cscareerquestions,1,2,Tue
1528184813,4,self.cscareerquestions,1,2,Tue
1528184934,1,self.cscareerquestions,1,2,Tue
1528185254,139,self.cscareerquestions,1,2,Tue
1528185534,0,self.cscareerquestions,1,2,Tue
1528187500,10,self.cscareerquestions,1,3,Tue
1528188244,1,self.cscareerquestions,1,3,Tue
1528188394,7,self.cscareerquestions,1,3,Tue
1528189657,1,self.cscareerquestions,1,4,Tue
1528190437,9,self.cscareerquestions,1,4,Tue
1528192275,1,self.cscareerquestions,1,4,Tue
1528193860,1,self.cscareerquestions,1,5,Tue
1528195440,8,self.cscareerquestions,1,5,Tue
1528197151,1,self.cscareerquestions,1,6,Tue
1528197948,1,self.cscareerquestions,1,6,Tue
1528200219,8,self.cscareerquestions,1,7,Tue
1528201442,1,self.learnprogramming,1,7,Tue
1528202238,15,self.cscareerquestions,1,7,Tue
1528202388,45,self.cscareerquestions,1,7,Tue
1528204005,0,self.cscareerquestions,1,8,Tue
1528208623,5,self.cscareerquestions,1,9,Tue
1528208718,20,self.cscareerquestions,1,9,Tue
1528209464,11,self.cscareerquestions,1,9,Tue
1528209636,6,self.cscareerquestions,1,9,Tue
1528210660,7,self.cscareerquestions,1,9,Tue
1528213482,1,self.cscareerquestions,1,10,Tue
1528214043,3,self.cscareerquestions,1,10,Tue
1528214520,2,self.cscareerquestions,1,11,Tue
1528214575,18,self.cscareerquestions,1,11,Tue
1528214828,14,self.cscareerquestions,1,11,Tue
1528214880,9,self.cscareerquestions,1,11,Tue
1528214971,3,self.cscareerquestions,1,11,Tue
1528215373,18,self.cscareerquestions,1,11,Tue
1528215564,17,self.cscareerquestions,1,11,Tue
1528216514,4,self.cscareerquestions,1,11,Tue
1528217798,18,self.cscareerquestions,1,11,Tue
1528218068,44,self.cscareerquestions,1,12,Tue
1528218366,3,self.cscareerquestions,1,12,Tue
1528219070,5,self.cscareerquestions,1,12,Tue
1528219405,1,self.cscareerquestions,1,12,Tue
1528219476,1,self.cscareerquestions,1,12,Tue
1528219773,2,self.cscareerquestions,1,12,Tue
1528219824,5,self.cscareerquestions,1,12,Tue
1528220161,3,self.cscareerquestions,1,12,Tue
1528220367,8,self.cscareerquestions,1,12,Tue
1528220523,12,self.cscareerquestions,1,12,Tue
1528220637,4,self.cscareerquestions,1,12,Tue
1528220937,1,self.cscareerquestions,1,12,Tue
1528221021,4,self.cscareerquestions,1,12,Tue
1528221465,1,self.cscareerquestions,1,12,Tue
1528221679,0,self.cscareerquestions,1,13,Tue
1528221785,25,self.cscareerquestions,1,13,Tue
1528222278,2,self.cscareerquestions,1,13,Tue
1528222320,3,self.cscareerquestions,1,13,Tue
1528222462,11,self.cscareerquestions,1,13,Tue
1528223713,1,self.cscareerquestions,1,13,Tue
1528223742,0,self.cscareerquestions,1,13,Tue
1528223761,2,self.cscareerquestions,1,13,Tue
1528223962,6,self.cscareerquestions,1,13,Tue
1528224618,4,self.cscareerquestions,1,13,Tue
1528225593,2,self.cscareerquestions,1,14,Tue
1528226371,16,self.cscareerquestions,1,14,Tue
1528226679,3,self.cscareerquestions,1,14,Tue
1528227219,1,self.cscareerquestions,1,14,Tue
1528227440,0,self.cscareerquestions,1,14,Tue
